132532	25101	DENMARK HS	I ST & E ST	7:14:00 AM	I ST & E ST
135831	25101	DENMARK HS	13 E ST	7:15:00 AM	13 E ST
137686	25101	DENMARK HS	STRICKLAND RD & PINE VALLEY DR	7:18:10 AM	STRICKLAND RD & PINE VALLEY DR, 30004
139285	25101	DENMARK HS	STRICKLAND RD & BELLEMEADE PL	7:20:00 AM	STRICKLAND RD & BELLEMEADE PL, 30004
141006	25101	DENMARK HS	180 STRICKLAND RD	7:17:00 AM	180 STRICKLAND RD, 30004
147737	25101	DENMARK HS	820 MIDDLETON PL	7:35:00 AM	820 MIDDLETON PL, 30004
150890	25101	DENMARK HS	850 TOWNSHIP CIR	7:34:00 AM	850 TOWNSHIP CIR, 30004
151170	25101	DENMARK HS	TULIP PLANTATION RD & TULIP GARDEN WAY	7:11:00 AM	TULIP PLANTATION RD & TULIP GARDEN WAY, 30004
164731	25101	DENMARK HS	760 STRICKLAND RD	7:21:00 AM	760 STRICKLAND RD, 30004
165316	25101	DENMARK HS	510 STRICKLAND RD	7:19:00 AM	510 STRICKLAND RD, 30004
167105	25101	DENMARK HS	WEATHERSTONE PL & WINDSTONE TRL	7:29:00 AM	WEATHERSTONE PL & WINDSTONE TRL, 30004
167135	25101	DENMARK HS	513 WINDSTONE TRL	7:28:00 AM	513 WINDSTONE TRL, 30004
134198	25102	DENMARK HS	HUNTINGTON CIR & HUNTINGTON DR	7:34:00 AM	HUNTINGTON CIR & HUNTINGTON DR
149158	25102	DENMARK HS	WHITE PINES DR & SPRUCE CT	7:29:00 AM	WHITE PINES DR & SPRUCE CT, 30004
149159	25102	DENMARK HS	FERNBANK CT & FERNBANK ST	7:25:00 AM	FERNBANK CT & FERNBANK ST, 30004
149160	25102	DENMARK HS	110 HUNTINGTON CIR	7:35:00 AM	110 HUNTINGTON CIR, 30004
149669	25102	DENMARK HS	FERNBANK ST & FERNBANK DR	7:24:00 AM	FERNBANK ST & FERNBANK DR, 30004
149670	25102	DENMARK HS	345 HUNTINGTON CIR	7:33:00 AM	345 HUNTINGTON CIR, 30004
150058	25102	DENMARK HS	JAMES RD & WAKEFIELD TRCE	7:20:00 AM	JAMES RD & WAKEFIELD TRCE, 30004
150821	25102	DENMARK HS	385 STRICKLAND RD	7:40:00 AM	385 STRICKLAND RD, 30004
151039	25102	DENMARK HS	380 TIDWELL CIR	7:38:00 AM	380 TIDWELL CIR, 30004
151337	25102	DENMARK HS	405 STRICKLAND RD	7:39:00 AM	405 STRICKLAND RD, 30004
166305	25102	DENMARK HS	300 TIDWELL CIR	7:37:00 AM	300 Tidwell Cir
166809	25102	DENMARK HS	270 TIDWELL RD	7:44:00 AM	270 TIDWELL RD, 30004
169462	25102	DENMARK HS	355 STRICKLAND RD	7:41:10 AM	355 STRICKLAND RD, 30004
175999	25102	DENMARK HS	185 STRICKLAND RD	7:42:00 AM	185 STRICKLAND RD, 30004
141077	25103	DENMARK HS	3668 ARCHGATE CT	7:22:00 AM	3668 ARCHGATE CT, 30004
144106	25103	DENMARK HS	CENTRAL PARK OVLK & WALDEN GLEN LN	7:28:00 AM	Central Park Ovlk & Walden Glen Ln, 30004
144107	25103	DENMARK HS	CENTRAL PARK OVLK & FIELDCREST PARK LN	7:29:00 AM	Central Park Ovlk & Fieldcrest Park Ln, 30004
150326	25103	DENMARK HS	CENTRAL PARK OVLK & SUTTON GLEN WAY	7:34:00 AM	Central Park Ovlk & SUTTON GLEN WAY, 30004
150327	25103	DENMARK HS	CENTRAL PARK OVLK & DEERFIELD TOWNSHIP WAY	7:35:00 AM	CENTRAL PARK OVLK & DEERFIELD TOWNSHIP WAY
150822	25103	DENMARK HS	RUMNEY WAY & DEERFIELD CROSSING DR	7:27:00 AM	Rumney Way & Deerfield Crossing Dr, 30004
165379	25103	DENMARK HS	CENTRAL PARK OVLK & PENNINGTON VIEW LN	7:31:00 AM	Central Park Ovlk & PENNINGTON VIEW LN, 30004
134812	25104	DENMARK HS	HARTFORD TER & WOODALL TRCE	7:26:00 AM	HARTFORD TER & WOODALL TRCE,
135326	25104	DENMARK HS	WAVERLY GLEN DR & WOODALL TRCE	7:30:00 AM	WAVERLY GLEN DR & WOODALL TRCE,
135327	25104	DENMARK HS	HARTFORD TER & NORWICH GLEN WAY	7:31:00 AM	HARTFORD TER & NORWICH GLEN WAY,
135328	25104	DENMARK HS	HARTFORD TER & WAVERLY GLEN DR	7:33:00 AM	HARTFORD TER & WAVERLY GLEN DR,
151010	25104	DENMARK HS	HOLLEYBROOKE DR & DALESFORD DR	7:35:00 AM	HOLLEYBROOKE DR & DALESFORD DR, 30004
139376	25105	DENMARK HS	342 ST CLAIRE DR	7:38:00 AM	342 ST CLAIRE DR, 30004
143403	25105	DENMARK HS	F ST & H ST	7:31:00 AM	F ST & H ST, 30004
149152	25105	DENMARK HS	A ST & D ST	7:30:00 AM	A ST & D ST, 30004
149154	25105	DENMARK HS	A ST & B ST	7:33:00 AM	A ST & B ST, 30004
150891	25105	DENMARK HS	400 ST CLAIRE DR	7:37:00 AM	400 ST CLAIRE DR, 30004
134319	25106	DENMARK HS	WINTHROP RD & COUNSELORS WAY	7:24:00 AM	WINTHROP RD & COUNSELORS WAY
135564	25106	DENMARK HS	NANCY REAGAN DR & ESTUARY TRL	7:21:00 AM	NANCY REAGAN DR & ESTUARY TRL
144125	25106	DENMARK HS	RONALD REAGAN BLVD & REX LN	7:25:00 AM	Ronald Reagan Blvd & Rex Ln, 30005
150468	25106	DENMARK HS	RONALD REAGAN BLVD & HALCYON WAY	7:19:00 AM	Ronald Reagan Blvd & Halcyon Way, 30005
150887	25106	DENMARK HS	NANCY REAGAN DR & VENUE WAY	7:20:00 AM	NANCY REAGAN DR & VENUE WAY, 30005
150888	25106	DENMARK HS	1625 OAK FARM DR	7:29:00 AM	1625 OAK FARM DR
151024	25106	DENMARK HS	WINTHROP RD & JAMESTOWN DR	7:23:00 AM	WINTHROP RD & JAMESTOWN DR, 30005
168178	25106	DENMARK HS	RONALD REAGAN BLVD & HALCYON GARDEN DR	7:27:00 AM	Ronald Reagan Blvd & Halcyon Garden Dr, 30005
133111	25107	DENMARK HS	STONEY POINT RD & PEBBLE CREEK LN	7:44:00 AM	STONEY POINT RD & PEBBLE CREEK LN
134182	25107	DENMARK HS	CROFTON DR & ROXBURY TRCE	7:34:00 AM	CROFTON DR & ROXBURY TRCE
134184	25107	DENMARK HS	CROFTON DR & PRESTON GLEN DR	7:36:10 AM	CROFTON DR & PRESTON GLEN DR
139390	25107	DENMARK HS	HUDDLESTONE WAY & GLARAMARA TER	7:45:00 AM	HUDDLESTONE WAY & GLARAMARA TER, 30041
146265	25107	DENMARK HS	HADDEN HALL CT & YORKRIDGE DR	7:38:00 AM	HADDEN HALL CT & YORKRIDGE DR
146266	25107	DENMARK HS	BARRINGTON RUN & YORKRIDGE DR	7:39:00 AM	BARRINGTON RUN & YORKRIDGE DR
146267	25107	DENMARK HS	RIDGEFIELD DR & WESSEX DOWNS DR	7:30:10 AM	RIDGEFIELD DR & WESSEX DOWNS DR
146269	25107	DENMARK HS	CROFTON DR & CROFTON FARMS CT	7:35:00 AM	CROFTON DR & CROFTON FARMS CT
149265	25107	DENMARK HS	RIDGEFIELD DR & SURREY RUN PL	7:29:00 AM	RIDGEFIELD DR & SURREY RUN PL, 30005
149266	25107	DENMARK HS	CROFTON DR & OAKLEIGH PL	7:33:00 AM	CROFTON DR & OAKLEIGH PL, 30005
149267	25107	DENMARK HS	YORKRIDGE DR & KRISTENSEN CT	7:40:00 AM	YORKRIDGE DR & KRISTENSEN CT, 30005
134199	25108	DENMARK HS	FLINT CREEK DR & BENT CREEK WAY	7:38:00 AM	FLINT CREEK DR & BENT CREEK WAY
134200	25108	DENMARK HS	FLINT CREEK DR & HERMITAGE DR	7:39:00 AM	FLINT CREEK DR & HERMITAGE DR
149270	25108	DENMARK HS	CREEK TREE LN & SPINDLETOP DR	7:27:00 AM	CREEK TREE LN & SPINDLETOP DR, 30041
149271	25108	DENMARK HS	CREEK TREE LN & GAINESWAY CT	7:32:00 AM	CREEK TREE LN & GAINESWAY CT, 30041
149272	25108	DENMARK HS	CREEK TREE LN & S CLEMENT RD	7:33:00 AM	S CLEMENT RD & CREEK TREE LN, 30041
149273	25108	DENMARK HS	CREEK TREE LN & FLAT STONE DR	7:34:00 AM	CREEK TREE LN & FLAT STONE DR, 30041
149406	25108	DENMARK HS	2380 WOOD COVE DR	7:35:00 AM	2380 WOOD COVE DR, 30041
149671	25108	DENMARK HS	FLINT CREEK DR & MAIN CHANCE DR	7:37:00 AM	FLINT CREEK DR & MAIN CHANCE DR, 30041
149706	25108	DENMARK HS	WOOD COVE DR & FOSSIL CREEK DR	7:36:30 AM	WOOD FALLS DR & FOSSIL CREEK DR, 30041
149734	25108	DENMARK HS	WOOD FALLS DR & BUTE CLIFF TRCE	7:43:00 AM	WOOD FALLS DR & BUTE CLIFF TRCE, 30041
149879	25108	DENMARK HS	S CLEMENT RD & HILLANDALE CIR	7:25:00 AM	S CLEMENT RD & HILLANDALE CIR, 30041
151719	25108	DENMARK HS	CREEK TREE LN & WILLS MILL RD	7:30:00 AM	CREEK TREE LN & WILLS MILL RD, 30041
151720	25108	DENMARK HS	2235 WOOD FALLS DR	7:44:00 AM	FOSSIL CREEK DR & WOOD COVE DR, 30041
165306	25108	DENMARK HS	WOOD FALLS DR & STONE MEEADOW WAY	7:45:00 AM	WOOD FALLS DR & STONE MEADOW WAY, 30041
165899	25108	DENMARK HS	605 FOWLER RD	7:55:00 AM	605 FOWLER RD, 30004
166925	25108	DENMARK HS	N CLEMENT RD & BRADLEY TRL	7:46:10 AM	N CLEMENT RD & BRADLEY TRL, 30041
169972	25108	DENMARK HS	575 FOWLER RD	7:56:00 AM	575 FOWLER RD, 30004
173757	25108	DENMARK HS	505 FOWLER RD	7:57:20 AM	505 FOWLER RD, 30004
147406	25109	DENMARK HS	1680 MARCIA OVERLOOK DR	7:34:00 AM	1680 MARCIA OVERLOOK DR, 30041
151607	25109	DENMARK HS	1815 MARCIA OVERLOOK DR	7:41:00 AM	1815 MARCIA OVERLOOK DR, 30041
151625	25109	DENMARK HS	RUTLAND PKWY & WESTMOORLAND NORTH LN	7:27:00 AM	RUTLAND PKWY & WESTMOORLAND LN, 30041
151774	25109	DENMARK HS	1980 MARCIA OVERLOOK DR	7:35:00 AM	1980 MARCIA OVERLOOK DR, 30041
173551	25109	DENMARK HS	1405 SQUIRE LN	7:31:00 AM	1405 SQUIRE LN, 30041
143561	25110	DENMARK HS	750 OLD ALPHARETTA RD	7:29:00 AM	750 OLD ALPHARETTA RD, 30005
145980	25110	DENMARK HS	1880 MANOR VW	7:24:00 AM	1880 MNR VIEW
148967	25110	DENMARK HS	2555 STRATHMORE DR	7:18:00 AM	2555 STRATHMORE DR, 30041
149253	25110	DENMARK HS	STRATHMORE DR & KENSINGTON CT	7:15:00 AM	STRATHMORE DR & KENSINGTON CT, 30041
150676	25110	DENMARK HS	61 LAMBETS WAY	7:09:00 AM	61 LAMBETS WAY, 30005
150677	25110	DENMARK HS	WINDHAVEN DR & WOODVINE WAY	7:31:00 AM	WINDHAVEN DR & WOODVINE WAY, 30005
150960	25110	DENMARK HS	MONTICELLO DR & BRISTOL LN	7:16:00 AM	MONTICELLO DR & BRISTOL LN, 30041
151055	25110	DENMARK HS	OLD ALPHARETTA RD & WALTERS CIR	7:30:00 AM	OLD ALPHARETTA RD & WALTERS CIR, 30005
151228	25110	DENMARK HS	985 WINDHAVEN DR	7:32:00 AM	985 WINDHAVEN DR, 30005
151342	25110	DENMARK HS	808 OLD ALPHARETTA RD	7:10:00 AM	808 OLD ALPHARETTA RD, 30005
151733	25110	DENMARK HS	2345 MANOR VW	7:22:00 AM	2345 MANOR VW, 30041
151734	25110	DENMARK HS	2525 MANOR VW	7:23:00 AM	2525 MANOR VW, 30041
151735	25110	DENMARK HS	2040 MANOR VW	7:25:00 AM	2040 MANOR VW, 30041
164186	25110	DENMARK HS	2126 OLD ALPHARETTA RD	7:26:00 AM	2126 OLD ALPHARETTA RD, 30041
173074	25110	DENMARK HS	2325 OLD ALPHARETTA RD	7:20:00 AM	2325 OLD ALPHARETTA RD, 30041
174137	25110	DENMARK HS	998 OLD ALPHARETTA RD	7:33:00 AM	998 OLD ALPHARETTA RD, 30005
175997	25110	DENMARK HS	2485 CANEY RD	7:19:00 AM	2485 CANEY RD, 30041
139316	25111	DENMARK HS	PEACHTREE PKWY & SENTINEL CHASE WAY	7:18:00 AM	PEACHTREE PKWY & SENTINEL CHASE WAY, 30041
147748	25111	DENMARK HS	SADDLEBROOK GLEN DR & GENTRY WALK CT	7:33:00 AM	SADDLEBROOK GLEN DR & GENTRY WALK CT, 30041
149252	25111	DENMARK HS	CHRISTOPHER ROBIN RD & BARRINGTON TRL	7:25:00 AM	CHRISTOPHER ROBIN RD & BARRINGTON TRL, 30005
149254	25111	DENMARK HS	3010 BROOKWATER DR	7:23:00 AM	3010 BROOKWATER DR, 30041
149264	25111	DENMARK HS	OLD CHURCH RD & MAJORS FARM CT	7:31:00 AM	OLD CHURCH RD & MAJORS FARM CT, 30041
149269	25111	DENMARK HS	COMMONWEALTH TRL & COMMONWEALTH AVE	7:14:00 AM	COMMONWEALTH TRL & COMMONWEALTH AVE, 30041
150612	25111	DENMARK HS	2420 BROOKWATER DR	7:24:00 AM	2420 BROOKWATER DR, 30005
150723	25111	DENMARK HS	CANEY RD & STONECREST DR	7:21:00 AM	CANEY RD & STONECREST DR, 30041
150827	25111	DENMARK HS	SADDLEBROOK GLEN DR & TATTERSALL CT	7:29:00 AM	SADDLEBROOK GLEN DR & TATTERSALL CT, 30041
151276	25111	DENMARK HS	COMMONWEALTH TRL & COMMONWEALTH RD	7:15:00 AM	COMMONWEALTH TRL & COMMONWEALTH RD, 30041
151449	25111	DENMARK HS	CHRISTOPHER ROBIN RD & BROOKRIDGE TRCE	7:28:00 AM	CHRISTOPHER ROBIN RD & BROOKRIDGE TRCE, 30005
165952	25111	DENMARK HS	PINE GROVE RD & HANSARD RD	7:36:00 AM	PINE GROVE RD & HANSARD RD, 30041
176678	25111	DENMARK HS	1404 PEACHTREE PKWY	7:12:00 AM	1404 PEACHTREE PKWY, 30041
140962	25112	DENMARK HS	FRANCIS RD & CLARK DR	7:28:00 AM	FRANCIS RD & CLARK DR, 30004
143491	25112	DENMARK HS	3690 HAMBY RD	7:36:00 AM	3690 HAMBY RD, 30004
143667	25112	DENMARK HS	395 BRANDYWINE CIR	7:15:00 AM	395 BRANDYWINE CIR, 30004
144011	25112	DENMARK HS	HAMBY OAKS DR & OAKLAND CHSE	7:34:00 AM	HAMBY OAKS DR & OAKLAND CHSE, 30004
144012	25112	DENMARK HS	OAKSIDE DR & HAMBY OAKS DR	7:33:00 AM	OAKSIDE DR & HAMBY OAKS DR, 30004
144737	25112	DENMARK HS	WINDY HILL DR & STONEBRIER LN	7:49:00 AM	
149118	25112	DENMARK HS	OAKMONT BEND DR & BETTES CT	7:03:00 AM	OAKMONT BEND DR & BETTES CT, 30004
149150	25112	DENMARK HS	MULLINAX RD & PRESERVE LN	7:51:00 AM	MULLINAX RD & PRESERVE LN, 30004
149155	25112	DENMARK HS	OAKMONT BEND DR & BAGLEY TERRACE DR	7:01:00 AM	OAKMONT BEND DR & BAGLEY TERRACE DR, 30004
149156	25112	DENMARK HS	OAKMONT BEND DR & SHARRON POINT CT	7:00:00 AM	OAKMONT BEND DR & SHARRON POINT CT, 30004
149157	25112	DENMARK HS	OAKMONT BEND DR & MATTHEW MEADOW CT	7:02:00 AM	OAKMONT BEND DR & MATTHEW MEADOW CT, 30004
150373	25112	DENMARK HS	5875 BRADENTON RD	7:40:00 AM	5875 BRADENTON RD
150374	25112	DENMARK HS	5755 BRADENTON RD	7:41:00 AM	5755 BRADENTON RD
150375	25112	DENMARK HS	5555 BRADENTON RD	7:42:00 AM	5555 BRADENTON RD
150417	25112	DENMARK HS	710 MULLINAX RD	7:13:00 AM	710 MULLINAX RD, 30004
150445	25112	DENMARK HS	5345 ATLANTA HWY	7:38:00 AM	5345 ATLANTA HWY, 30004
151336	25112	DENMARK HS	345 BRANDYWINE CIR	7:18:00 AM	345 BRANDYWINE CIR, 30004
151359	25112	DENMARK HS	WINDY HILL DR & WINDY HILL CT	7:48:00 AM	WINDY HILL DR & WINDY HILL CT, 30004
163587	25112	DENMARK HS	BLACKWELL BEND & BARKLEY HILL	7:07:00 AM	
165956	25112	DENMARK HS	FOWLER RD & WYNGATE POINT DR	6:52:00 AM	FOWLER RD & WYNGATE POINT DR, 30004
168992	25112	DENMARK HS	BRANDYWINE CIR & BRANDYWINE CT	7:17:30 AM	BRANDYWINE CIR & BRANDYWINE CT, 30004
174237	25112	DENMARK HS	5465 CALDORWOOD RD	7:43:00 AM	5465 CALDORWOOD RD
175034	25112	DENMARK HS	BRIDGEHAMPTON AVE & HAMPTON OAKS DR	7:10:00 AM	BRIDGEHAMPTON AVE & HAMPTON OAKS DR, 30004
175035	25112	DENMARK HS	BRIDGEHAMPTON AVE & CAMDEN PARK PL	7:12:00 AM	BRIDGEHAMPTON AVE & CAMDEN PARK PL
175638	25112	DENMARK HS	MULLINAX RD & CUMORAH TRL	7:50:00 AM	MULLINAX RD & CUMORAH TRL, 30004
175918	25112	DENMARK HS	4720 ATLANTA HWY	7:05:00 AM	4720 ATLANTA HWY, 30004
143509	25113	DENMARK HS	SHILOH RD & EPPS LN	7:39:00 AM	SHILOH RD & Epps Ln, 30040
145974	25113	DENMARK HS	SUNSET TRL & BLUE SKY LN	7:41:00 AM	SUNSET TRL & BLUE SKY LN
145975	25113	DENMARK HS	UNION HILL RD & DOUBLE BRANCHES DR	7:45:00 AM	UNION HILL RD & DOUBLE BRANCHES DR
146273	25113	DENMARK HS	OTTER CREEK RUN & LOWER CREEK CT	7:42:00 AM	OTTER CREEK RUN & LOWER CREEK CT
146314	25113	DENMARK HS	SHILOH RD & FARMSTEAD DR	7:37:00 AM	
147311	25113	DENMARK HS	SHILOH RD & MARISTONE LANDING WAY	7:29:00 AM	SHILOH RD & MARISTONE LANDING WAY, 30040
150022	25113	DENMARK HS	UNION HILL RD & BRECKINRIDGE LN	7:25:00 AM	UNION HILL RD & BRECKINRIDGE LN, 30040
150922	25113	DENMARK HS	3971 MARS HILL RD	7:32:00 AM	3971 MARS HILL RD, 30040
150928	25113	DENMARK HS	4813 SHILOH RD	7:27:00 AM	4813 SHILOH RD, 30040
151131	25113	DENMARK HS	SHILOH RD & SHILOH VALLEY RD	7:38:00 AM	SHILOH RD & Shiloh Valley Rd, 30040
151340	25113	DENMARK HS	SHILOH RD & SHILOH DR	7:35:00 AM	SHILOH RD & SHILOH DR, 30040
166044	25113	DENMARK HS	MARS HILL DR & LOCHMAR TRL	7:33:00 AM	MARS HILL RD & Lochmar Trl, 30040
169978	25113	DENMARK HS	4946 SHILOH RD	7:44:00 AM	4946 SHILOH RD, 30040
170130	25113	DENMARK HS	5098 UNION HILL RD	7:44:00 AM	5098 UNION HILL RD, 30040
173494	25113	DENMARK HS	5236 UNION HILL RD	7:46:00 AM	5236 UNION HILL RD, 30040
176693	25113	DENMARK HS	SUNSET TRL & CRIPPLE CREEK CT	7:40:00 AM	SUNSET TRL & CRIPPLE CREEK CT, 30040
176694	25113	DENMARK HS	SHILOH RD & POOLE RD	7:30:00 AM	SHILOH RD & POOLE RD, 30040
147400	25114	DENMARK HS	RONALD REAGAN BLVD & SUMMIT CROSSING WAY	7:25:00 AM	RONALD REAGAN BLVD & SUMMIT CROSSING WAY, 30041
149668	25114	DENMARK HS	RONALD REAGAN BLVD & IVY SUMMIT CT	7:26:00 AM	RONALD REAGAN BLVD & IVY SUMMIT CT, 30041
150120	25114	DENMARK HS	FOWLER RD & FOWLER SPRINGS CT	7:38:00 AM	FOWLER RD & FOWLER SPRINGS CT, 30004
150464	25114	DENMARK HS	RONALD REAGAN BLVD & BRYTON TRACE DR	7:27:00 AM	RONALD REAGAN BLVD & Bryton Trace Dr, 30041
143492	25115	DENMARK HS	6302 VALLEY STREAM DR	7:38:00 AM	6302 VALLEY STREAM DR, 30040
149116	25115	DENMARK HS	CALAMAR DR & BLACK OAK DR	7:33:00 AM	CALAMAR DR & BLACK OAK DR, 30040
149117	25115	DENMARK HS	CALAMAR DR & WHITE OAK DR	7:34:00 AM	CALAMAR DR & WHITE OAK DR, 30040
150329	25115	DENMARK HS	WESTFALL PKWY & BROOKLEIGH OVLK	7:23:00 AM	Westfall Pkwy & Brookleigh Ovlk, 30040
150330	25115	DENMARK HS	WESTFALL PKWY & WESTFIELD WAY	7:26:10 AM	Westfall Pkwy & Westfield Way, 30040
150738	25115	DENMARK HS	6270 LIVELY WAY	7:45:00 AM	6270 LIVELY WAY, 30040
151138	25115	DENMARK HS	6215 WESTFALL PKWY	7:27:00 AM	6215 WESTFALL PKWY
151296	25115	DENMARK HS	WESTFALLEN OVLK & WESTERLY WAY	7:20:00 AM	Westfallen Ovlk & Westerly Way, 30040
151297	25115	DENMARK HS	WESTFALLEN OVLK & WESTBAY TER	7:21:00 AM	Westfallen Ovlk & Westbay Ter, 30040
151399	25115	DENMARK HS	6085 HERITAGE MANOR DR	7:47:00 AM	6085 HERITAGE MANOR DR, 30040
164180	25115	DENMARK HS	6770 BROOKLEIGH OVLK	7:24:00 AM	6770 Brookleigh Ovlk, 30040
167376	25115	DENMARK HS	6065 WILLS ORCHARD CT	7:48:00 AM	6065 WILLS ORCHARD RD, 30040
167411	25115	DENMARK HS	5652 WILLS ORCHARD RD	7:50:00 AM	5652 WILLS ORCHARD RD, 30040
175612	25115	DENMARK HS	6210 LIVELY WAY	7:44:00 AM	6210 LIVELY WAY, 30040
176046	25115	DENMARK HS	5706 WILLS WOOD CIR	7:17:00 AM	5706 WILLS WOOD CIR, 30040
176255	25115	DENMARK HS	6080 VALLEY STREAM DR	7:37:00 AM	6080 VALLEY STREAM DR, 30040
176594	25115	DENMARK HS	5784 WILLS WOOD CIR	7:18:00 AM	5784 WILLS WOOD CIR, 30040
176641	25115	DENMARK HS	5860 ROGERS RD	7:42:00 AM	5860 ROGERS RD, 30040
176691	25115	DENMARK HS	3805 FRANCIS CIR	7:15:00 AM	3805 FRANCIS CIR, 30004
135839	25116	DENMARK HS	CANDLER WALK & CAMERON CT	7:37:00 AM	CANDLER WALK & CAMERON CT
150668	25116	DENMARK HS	3775 ATLANTA HWY	7:30:00 AM	3775 ATLANTA HWY, 30040
151238	25116	DENMARK HS	CROFTSHIRE PL & ALISTAR PARK DR	7:39:00 AM	Croftshire Pl & Alister Park Dr, 30040
151358	25116	DENMARK HS	ALISTAR PARK DR & IVANHOE WLK	7:38:00 AM	Alister Park Dr & Ivanhoe Walk, 30040
163373	25116	DENMARK HS	OXFORD PARK LN & SUTTON PARK LN	7:32:00 AM	OXFORD PARK LN & Sutton Park Ln, 30040
174238	25116	DENMARK HS	OXFORD PARK LN & DORCHESTER LN	7:33:00 AM	OXFORD PARK LN & DORCHESTER LN, 30040
175942	25116	DENMARK HS	4075 OXFORD PARK LN	7:34:00 AM	4075 Oxford Park Ln, 30040
134177	25117	DENMARK HS	GREYHAWK LN & KENTMERE DR	7:40:00 AM	GREYHAWK LN & KENTMERE DR
149149	25117	DENMARK HS	ATLANTA HWY & GLEN WALLACE DR	7:41:00 AM	ATLANTA HWY & GLEN WALLACE DR, 30040
150873	25117	DENMARK HS	WILDBROOKE PKWY & PELICAN PL	7:29:00 AM	WILDBROOKE PKWY & PELICAN PL
150930	25117	DENMARK HS	2953 GREYHAWK LN	7:39:00 AM	2953 GREYHAWK LN, 30040
150931	25117	DENMARK HS	3141 LAKE DR	7:45:00 AM	3141 LAKE RD, 30040
150992	25117	DENMARK HS	RONALD REAGAN BLVD & SUMMIT OVERLOOK WAY	7:31:00 AM	RONALD REAGAN BLVD & Summit Overlook Way, 30041
151339	25117	DENMARK HS	3255 ATLANTA HWY	7:34:00 AM	3255 ATLANTA HWY, 30040
151343	25117	DENMARK HS	WILDBROOKE PKWY & SANDPIPER LN	7:28:00 AM	WILDBROOKE PKWY & SANDPIPER LN
151344	25117	DENMARK HS	SOARING HAWK LN & SANDERLING ST	7:26:00 AM	SOARING HAWK LN & SANDERLING ST
151360	25117	DENMARK HS	SOARING HAWK LN & SKYLARK LN	7:25:00 AM	SOARING HAWK LN & SKYLARK LN
151452	25117	DENMARK HS	3300 SHORE DR	7:43:00 AM	3300 SHORE DR, 30040
164766	25117	DENMARK HS	3116 ATLANTA HWY	7:46:00 AM	3116 ATLANTA HWY, 30040
172561	25117	DENMARK HS	3151 LAKE RD	7:44:00 AM	3151 LAKE RD, 30040
134175	25118	DENMARK HS	WHIRLAWAY DR & JONABELL LN	7:07:00 AM	WHIRLAWAY DR & JONABELL LN
146261	25118	DENMARK HS	WAVELAND DR & COLD STREAM DR	7:03:00 AM	WAVELAND DR & COLD STREAM DR
149144	25118	DENMARK HS	RAVINE FOREST DR & OAK VALLEY CT	7:13:00 AM	RAVINE FOREST DR & OAK VALLEY CT, 30040
149145	25118	DENMARK HS	RIDGE FOREST WK & GREEN OAK RDG	7:14:00 AM	RIDGE FOREST WALK & GREEN OAK RDG, 30040
149146	25118	DENMARK HS	RIDGE FOREST WK & OAK VALLEY DR	7:15:00 AM	RIDGE FOREST WALK & OAK VALLEY DR, 30040
149147	25118	DENMARK HS	COLLINGHAM TRCE & LENBROOK CT	7:16:00 AM	COLLINGHAM TRCE & LENBROOK CT, 30040
149194	25118	DENMARK HS	6010 TURFWAY DR	7:09:00 AM	6010 TURFWAY DR, 30040
149403	25118	DENMARK HS	WAVELAND DR & WAFARE CV	7:05:00 AM	WAVELAND DR & WAFARE CV, 30040
149404	25118	DENMARK HS	6395 WAVELAND DR	7:04:00 AM	6395 WAVELAND DR, 30040
150179	25118	DENMARK HS	7130 MAJORS RD	7:24:00 AM	7130 MAJORS RD, 30040
150921	25118	DENMARK HS	FOWLER RD & MARSH VIEW DR	7:35:00 AM	FOWLER RD & MARSH VIEW DR, 30004
151057	25118	DENMARK HS	BROOKVIEW DR & CANDLER WALK	7:27:00 AM	BROOKVIEW DR & CANDLER WALK
151237	25118	DENMARK HS	ASHFORD MANOR DR & KENT PL	7:22:00 AM	ASHFORD MANOR WAY & KENT PL
151286	25118	DENMARK HS	7130 ASHFORD MANOR WAY	7:21:00 AM	7130 ASHFORD MANOR WAY
151355	25118	DENMARK HS	COLLINGHAM TRCE & RAVINE FOREST DR	7:17:00 AM	COLLINGHAM TRCE & RAVINE FOREST DR, 30040
151356	25118	DENMARK HS	BROOKVIEW DR & COPELY WLK	7:28:00 AM	Brookview Dr & Copely Walk, 30040
151357	25118	DENMARK HS	CROFTSHIRE PL & ATWOOD DR	7:29:00 AM	Croftshire Pl & Atwood Dr, 30040
173214	25118	DENMARK HS	BENNETT PKWY & PINNACLE VW RD	7:01:00 AM	
173630	25118	DENMARK HS	GLOVER DR & JENNINGS CT	6:54:00 AM	GLOVER DR & JENNINGS CT, 30040
174634	25118	DENMARK HS	BETHELVIEW DR & WESLEY DR	6:52:00 AM	BETHELVIEW DR & WESLEY DR, 30040
176692	25118	DENMARK HS	7030 MAJORS RD	7:23:00 AM	7030 MAJORS RD, 30040
133117	25119	DENMARK HS	2235 ROSE WALK DR	7:22:00 AM	2235 ROSE WALK DR
139389	25119	DENMARK HS	SPRINGMONTE PL & SPRINGMONTE LN	7:07:00 AM	SPRINGMONTE PL & SPRINGMONTE LN, 30041
147322	25119	DENMARK HS	SPRINGMONTE PL & GREEN COVE CT	7:06:00 AM	SPRINGMONTE PL & GREEN COVE CT, 30041
147323	25119	DENMARK HS	SPRING HARBOR DR & HARBOR COVE CT	7:10:00 AM	SPRING HARBOR DR & HARBOR COVE CT, 30041
147744	25119	DENMARK HS	CROSS SPRINGS DR & MARYMOUNT DR	7:08:10 AM	CROSS SPRINGS DR & MARYMOUNT DR, 30041
149255	25119	DENMARK HS	3070 ROCKY BROOK DR	7:19:00 AM	3070 ROCKY BROOK DR, 30005
149256	25119	DENMARK HS	ROSE WALK DR & ROSE MEADOW LN	7:23:00 AM	ROSE WALK DR & ROSE MEADOW LN, 30005
149257	25119	DENMARK HS	425 WHITE ROSE TRCE	7:25:10 AM	425 WHITE ROSE TRCE, 30005
149258	25119	DENMARK HS	ROSEWOOD DR & WHITE ROSE TRCE	7:26:00 AM	ROSEWOOD DR & WHITE ROSE TRCE, 30005
149259	25119	DENMARK HS	GLENROSE TRL & ROSEWOOD DR	7:27:00 AM	GLENROSE TRL & ROSEWOOD DR, 30005
149260	25119	DENMARK HS	CHRISTOPHER ROBIN RD & ROBINS WALK	7:30:00 AM	CHRISTOPHER ROBIN RD & ROBINS WALK, 30005
149261	25119	DENMARK HS	LONGPOINTE PASS & LEGEND RUN	7:33:00 AM	LONGPOINTE PASS & LEGEND RUN, 30005
149262	25119	DENMARK HS	LONGPOINTE PASS & HONOR RUN	7:34:00 AM	LONGPOINTE PASS & HONOR RUN, 30005
149263	25119	DENMARK HS	2325 CROSS SPRINGS DR	7:12:00 AM	2325 CROSS SPRINGS DR, 30041
149419	25119	DENMARK HS	5460 HASTINGS TER	7:39:00 AM	5460 HASTINGS TER, 30005
149766	25119	DENMARK HS	PLYMOUTH PL & HASTINGS TER	7:40:00 AM	PLYMOUTH PL & HASTINGS TER, 30005
151782	25119	DENMARK HS	VALLEY BROOK DR & SHADOW BROOK WAY	7:18:00 AM	VALLEY BROOK DR & SHADOW BROOK WAY, 30005
163552	25119	DENMARK HS	305 ROSEWOOD DR	7:24:00 AM	
147312	25120	DENMARK HS	RIVES DR & KENNEMORE DR	7:45:00 AM	RIVES DR & KENNEMORE DR, 30004
150096	25120	DENMARK HS	2515 MONET DR	7:30:00 AM	2515 MONET DR, 30041
150097	25120	DENMARK HS	2635 MONET DR	7:29:00 AM	2635 MONET DR, 30041
150683	25120	DENMARK HS	2405 MONET DR	7:31:00 AM	2405 MONET DR, 30041
150823	25120	DENMARK HS	5870 RIVES DR	7:44:00 AM	5870 RIVES DR, 30004
151421	25120	DENMARK HS	MONET DR & APREMONT DR	7:27:00 AM	MONET DR & APREMONT DR, 30041
163732	25120	DENMARK HS	SHEPHERDS PD & BRYSON LN	7:41:00 AM	
163733	25120	DENMARK HS	SHEPHERDS PD & KENNEMORE DR	7:40:00 AM	
163735	25120	DENMARK HS	SHEPHERDS PD & ADERHOLD WAY	7:42:00 AM	
169762	25120	DENMARK HS	5335 FAIRMONT GLEN	7:47:10 AM	5335 FAIRMONT GLN, 30004
149847	25121	DENMARK HS	ATLANTA HWY & WINDSOR LN	7:32:00 AM	ATLANTA HWY & WINDSOR LN, 30004
150885	25121	DENMARK HS	WESBOUROUGH PL & SONOMA CHSE	7:35:00 AM	WESBOUROUGH PL & SONOMA CHSE
150886	25121	DENMARK HS	WESBOUROUGH PL & BENZIGER TRL	7:36:00 AM	WESBOUROUGH PL & BENZIGER TRL
166495	25121	DENMARK HS	CRESTED MOSS DR & APPLE ROSE DR	7:25:00 AM	CRESTED MOSS DR & APPLE ROSE DR, 30004
173561	25121	DENMARK HS	VIRGINIA BROOK LN & STELLA DR	7:28:00 AM	VIRGINIA BROOK LN & STELLA DR, 30040
146263	25122	DENMARK HS	CARRICK RD & WHITFIELD AVE	7:35:00 AM	CARRICK RD & WHITFIELD AVE
149148	25122	DENMARK HS	ATLANTA HWY & CROSS CREEK CT	7:37:00 AM	ATLANTA HWY & CROSS CREEK CT, 30040
149917	25122	DENMARK HS	CROSS CREEK DR & AMBERGLEN CT	7:32:00 AM	CROSS CREEK DR & AMBERGLEN CT
165305	25122	DENMARK HS	WILD VIOLET WAY & WILD THORNE CT	7:43:00 AM	WILD VIOLET WAY & WILD THORNE CT, 30040
173339	25122	DENMARK HS	3116 CROSS CREEK DR	7:29:00 AM	3116 CROSS CREEK DR, 30040
174134	25122	DENMARK HS	WILD VIOLET DR & PRAIRIE LN	7:44:00 AM	WILD VIOLET DR & PRAIRIE LN, 30040
175445	25122	DENMARK HS	7310 WILD VIOLET DR	7:49:00 AM	
175650	25122	DENMARK HS	7525 WILD VIOLET DR	7:48:00 AM	7525 Wild Violet Dr, 30040
175840	25122	DENMARK HS	7685 WILD VIOLET DR	7:47:00 AM	7685 Wild Violet Dr, 30040
138011	25123	DENMARK HS	SHILOH SPRINGS RD & SHILOH SPRINGS RD	7:36:00 AM	SHILOH SPRINGS RD & SHILOH SPRINGS RD, 30040
149705	25123	DENMARK HS	4760 SHILOH CROSSING WAY	7:35:00 AM	4760 SHILOH CROSSING WAY, 30040
150924	25123	DENMARK HS	5620 SHILOH WOODS DR	7:29:00 AM	5620 SHILOH WOODS DR, 30040
150925	25123	DENMARK HS	6140 SHILOH WOODS DR	7:31:00 AM	6140 SHILOH WOODS DR, 30040
150926	25123	DENMARK HS	5285 SHILOH WOODS DR	7:32:00 AM	5285 SHILOH WOODS DR, 30040
175611	25123	DENMARK HS	625 UNION HILL RD	7:25:00 AM	625 UNION HILL RD, 30004
175654	25123	DENMARK HS	615 UNIION HILL RD	7:26:00 AM	615 UNION HILL RD, 30004
133113	25124	DENMARK HS	2235 STONEY POINT FARM RD	7:32:00 AM	2235 STONEY POINT FARM RD
143644	25124	DENMARK HS	STONEY POINT RD & RAVENS RIDGE DR	7:44:00 AM	STONEY POINT RD & RAVENS RIDGE DR, 30041
145968	25124	DENMARK HS	2275 MINDY LN	7:29:00 AM	2275 MINDY LN
145970	25124	DENMARK HS	2115 STONEY POINT FARM RD	7:33:00 AM	2115 STONEY POINT FARM RD
146275	25124	DENMARK HS	WOODCREEK DR & CLUB LAND TRAIL	7:39:00 AM	WOODCREEK DR & CLUB LAND TRAIL
149268	25124	DENMARK HS	STONEY POINT RD & LANGSTRATH LN	7:26:00 AM	STONEY POINT RD & LANGSTRATH LN, 30041
150752	25124	DENMARK HS	STONEY POINT RD & LAURENBROOKE CT	7:34:00 AM	STONEY POINT RD & LAURENBROOKE CT, 30041
150834	25124	DENMARK HS	1785 STONEY POINT RD	7:36:30 AM	1785 STONEY POINT RD, 30041
150933	25124	DENMARK HS	1825 STONEY POINT RD	7:35:00 AM	1825 STONEY POINT RD, 30041
150938	25124	DENMARK HS	1757 STONEY POINT RD	7:37:00 AM	1757 STONEY POINT RD, 30041
173287	25124	DENMARK HS	1525 WOODCREEK DR	7:40:00 AM	1525 WOODCREEK DR, 30041
138021	25125	DENMARK HS	5990 SOMERSBY CIR	7:30:00 AM	5990 SOMERSBY CIR
144087	25125	DENMARK HS	157 FOWLER HILL RD	7:45:00 AM	157 FOWLER HILL RD, 30004
144617	25125	DENMARK HS	635 MONTGOMERY AVE	7:42:00 AM	635 MONTGOMERY AVE
147736	25125	DENMARK HS	5810 SOMERSBY CIR	7:31:00 AM	5810 SOMERSBY CIR
150101	25125	DENMARK HS	MONTGOMERY AVE & LOCKWOOD PL	7:43:00 AM	MONTGOMERY AVE & LOCKWOOD PL, 30004
150682	25125	DENMARK HS	6010 STANSBURY SMT	7:29:00 AM	6010 STANSBURY SMT
163699	25125	DENMARK HS	UNION HILL RD & HAVEN CREST LN	7:26:00 AM	
168990	25125	DENMARK HS	173 FOWLER HILL RD	7:44:10 AM	173 FOWLER HILL RD, 30004
147680	25126	DENMARK HS	WATERBROOKE XING & WOODBINE WAY	7:28:00 AM	WATERBROOKE XING & WOODBINE WAY, 30004
147734	25126	DENMARK HS	5265 BRIERSTONE DR	7:26:00 AM	5265 BRIERSTONE DR
148107	25126	DENMARK HS	6962 POST RD	7:36:00 AM	6962 POST RD, 30040
151534	25126	DENMARK HS	ROCKING HORSE LN & ROCKING HORSE LN	7:35:00 AM	ROCKING HORSE LN & ROCKING HORSE LN, 30040
163728	25126	DENMARK HS	WATERBROOK XING & BREEZEWOOD CIR	7:24:00 AM	
163729	25126	DENMARK HS	WATERBROOK XING & DUCOTE TRL	7:25:10 AM	
164567	25126	DENMARK HS	7180 POST PARK WAY	7:31:00 AM	7180 Post Park Way
175018	25126	DENMARK HS	5035 HAZELWOOD CT	7:27:00 AM	5035 HAZELWOOD DRIVE
175905	25126	DENMARK HS	4625 ATLANTA HWY	7:23:00 AM	4625 ATLANTA HWY, 30004
176256	25126	DENMARK HS	DERBY CT & DERBY TRL	7:37:00 AM	DERBY CT & DERBY TRL, 30040
143617	25127	DENMARK HS	584 TIDWELL RD	7:25:30 AM	584 TIDWELL RD, 30004
144093	25127	DENMARK HS	TIDWELL RD & PORT ST	7:44:30 AM	TIDWELL RD & Port St, 30004
149161	25127	DENMARK HS	TIDWELL RD & FERNWOOD CT	7:27:00 AM	TIDWELL RD & FERNWOOD CT, 30004
150242	25127	DENMARK HS	TIDWELL DR & MELILOT LN	7:32:00 AM	TIDWELL DR & MELILOT LN, 30004
150416	25127	DENMARK HS	705 TIDWELL RD	7:29:00 AM	705 TIDWELL RD, 30004
166547	25127	DENMARK HS	600 TIDWELL RD	7:26:00 AM	600 TIDWELL RD, 30004
173069	25127	DENMARK HS	748 TIDWELL RD	7:30:00 AM	748 TIDWELL RD, 30004
173368	25127	DENMARK HS	536 TIDWELL RD	7:24:00 AM	536 TIDWELL RD, 30004
175637	25127	DENMARK HS	210 MARTIN DR	7:22:00 AM	210 MARTIN DR, 30004
175988	25127	DENMARK HS	THORNBOROUGH DR & BENDLETON TRCE	7:34:00 AM	THORNBOROUGH DR & BENDLETON TRCE, 30004
176584	25127	DENMARK HS	695 TIDWELL RD	7:28:00 AM	695 TIDWELL RD, 30004
127442	25128	DENMARK HS	1505 GRAND JCT	7:28:00 AM	
130929	25128	DENMARK HS	OVERLAND XING & TRELLIS PL	7:31:00 AM	OVERLAND XING & TRELLIS PL
130930	25128	DENMARK HS	GRAND JCT & DRAYTON CT	7:24:00 AM	GRAND JCT & DRAYTON CT
130931	25128	DENMARK HS	GRAND JCT & OVERLAND XING	7:23:00 AM	GRAND JCT & OVERLAND XING
131218	25128	DENMARK HS	TRELLIS PL & WEDGEFIELD CT	7:30:00 AM	TRELLIS PL & WEDGEFIELD CT
131219	25128	DENMARK HS	TRELLIS PL & TRELLIS XING	7:29:00 AM	TRELLIS PL & TRELLIS XING
131221	25128	DENMARK HS	CHADBOURNE TRL & SPRING FIELD CT	7:18:00 AM	CHADBOURNE TRL & SPRING FIELD CT
132533	25128	DENMARK HS	CHADBOURNE TRL & RIDGELAND PL	7:14:00 AM	CHADBOURNE TRL & RIDGELAND PL
132535	25128	DENMARK HS	CHADBOURNE TRL & RIDGE SPRING CT	7:17:00 AM	CHADBOURNE TRL & RIDGE SPRING CT
135867	25128	DENMARK HS	OVERLAND XING & FIRESIDE PL	7:26:00 AM	OVERLAND XING & FIRESIDE PL,
136743	25128	DENMARK HS	HIGHLAND PASS & TWO ROCK CT	7:21:00 AM	HIGHLAND PASS & TWO ROCK CT,
137911	25128	DENMARK HS	GRAND JCT & HIGHLAND PASS	7:22:00 AM	GRAND JCT & HIGHLAND PASS, 30004
137926	25128	DENMARK HS	OVERLAND XING & FAIRWIND CT	7:27:00 AM	OVERLAND XING & FAIRWIND CT, 30004
141007	25128	DENMARK HS	CHADBOURNE TRL & HIGHLAND PASS	7:19:00 AM	CHADBOURNE TRL & HIGHLAND PASS, 30004
142753	25128	DENMARK HS	2720 HIGHLAND PASS	7:20:00 AM	2720 Highland Pass
145976	25128	DENMARK HS	FAIRCREST LN & FAIRCREST XING	7:32:00 AM	FAIRCREST LN & FAIRCREST LN